code,company,date,text
BIDU,Baidu Inc,2019-04-24,China's Tencent backs Argentina mobile banking startup Uala
BIDU,Baidu Inc,2019-04-23,Tencent-backed live-streaming firm DouYu files for $500 million U.S. IPO
BIDU,Baidu Inc,2019-04-15,China Renaissance hits Baidu sidelines
BIDU,Baidu Inc,2019-04-10,Baidu's stock falls after downgrade by long-time bull
BIDU,Baidu Inc,2019-04-10,Baidu downgraded to perform from outperform at Oppenheimer
BIDU,Baidu Inc,2019-04-10,Baidu downgraded on spending
BIDU,Baidu Inc,2019-04-08,Will Tencent Challenge Baidu in the Driverless Market?
BIDU,Baidu Inc,2019-04-02,Baidu logs most autonomous miles in Beijing
BIDU,Baidu Inc,2019-03-30,Better Buy: Baidu vs. Alphabet
BIDU,Baidu Inc,2019-03-29,China's top market regulator calls for crackdown on online ad content
BIDU,Baidu Inc,2015-07-28,U.S. pre-market top movers of the day - Ford  BP  Baidu 
BIDU,Baidu Inc,2015-07-27,U.S. shares in Baidu plunge more than 7% after earnings  revenue miss
BIDU,Baidu Inc,2015-07-27,Baidu profit weighed down by offline mobile services push
BIDU,Baidu Inc,2015-07-06,U.S. stocks fall broadly as Greece  China and crude sell-off weigh
BIDU,Baidu Inc,2015-06-30,Baidu to invest $3.2 billion in online-to-offline services
BIDU,Baidu Inc,2015-06-29,Microsoft hands display ads to AOL  maps to Uber
BIDU,Baidu Inc,2015-06-29,Out of the shadows  China hackers turn cyber gatekeepers
BIDU,Baidu Inc,2015-06-22,Alibaba  Ant to pour nearly $1 billion into local services startup
BIDU,Baidu Inc,2015-06-20,China to promote cross-border e-commerce as incomes rise 
BIDU,Baidu Inc,2015-06-19,China to allow full foreign ownership of some e-commerce businesses
BIDU,Baidu Inc,2015-08-27,Uber China closes $1 billion fundraising round: sources
BIDU,Baidu Inc,2015-08-14,U.S. stocks inch up  as mixed data provides little clues on rate hike
BIDU,Baidu Inc,2015-08-12,U.S. stocks mixed  as lower China yuan and Fed rate hike remain in focus
BIDU,Baidu Inc,2015-08-11,China car services firm Tuhu raises $100 million from Joy Capital  Welkin
BIDU,Baidu Inc,2015-08-10,Alibaba to invest $4.6 billion in China electronics retailer Suning
BIDU,Baidu Inc,2015-08-05,Taboola signs three-year strategic partnership with Gannett 
BIDU,Baidu Inc,2015-08-03,German carmakers buy Nokia maps to fend off digital rivals
BIDU,Baidu Inc,2015-07-31,China mulls forcing Tencent  Alibaba to offer rivals' online payment services
BIDU,Baidu Inc,2015-07-30,China's Baidu to buy back $1 billion shares after investor selldown
BIDU,Baidu Inc,2015-07-28,U.S. stocks end five-day skid amid China rally  strong batch of earnings
BIDU,Baidu Inc,2015-10-26,U.S. stocks mixed as sell-off in energy sector  Apple weigh
BIDU,Baidu Inc,2015-10-26,China online travel firm Ctrip in tie-up with rival Qunar
BIDU,Baidu Inc,2015-10-23,Tesla CEO says negotiating with China on local production
BIDU,Baidu Inc,2015-10-08,China's Meituan  Dianping merging to form dominant O2O player
BIDU,Baidu Inc,2015-10-08,Uber  Didi Kuaidi seek to legalize status in China
BIDU,Baidu Inc,2015-09-29,U.S. major indices mixed amid choppy trade  as global stocks weigh
BIDU,Baidu Inc,2015-09-24,Apple lists top 25 apps hit by malware in first major attack
BIDU,Baidu Inc,2015-09-21,Apple cleaning up iOS App Store after first major attack
BIDU,Baidu Inc,2015-09-16,U.S. stocks move broadly higher  ahead of critical Fed announcement 
BIDU,Baidu Inc,2015-09-08,Uber to enter 100 more Chinese cities in next 12 months: CEO
BIDU,Baidu Inc,2016-01-20,China's Meituan-Dianping raises over $3.3 billion  values firm at $18 billion
BIDU,Baidu Inc,2016-01-13,China's Baidu eyes Indian ecommerce start-ups
BIDU,Baidu Inc,2016-01-04,China stocks rout on first market day of 2016 trips national trading halt
BIDU,Baidu Inc,2015-12-24,Alibaba agrees to invest $1.25 billion in Chinese online food delivery service: report
BIDU,Baidu Inc,2015-12-18,Chinese lending platform Yirendai makes tepid U.S. market debut
BIDU,Baidu Inc,2015-12-16,China calls for Internet front to fight hacking  cyber 'arms race'
BIDU,Baidu Inc,2015-11-18,Tencent's WeBank looking to raise $1 billion in funding round - source
BIDU,Baidu Inc,2015-11-09,Silence is golden: China tightens screws on online music
BIDU,Baidu Inc,2015-11-02,Wary investors eye China's back-door entry into MSCI indexes
BIDU,Baidu Inc,2015-10-29,China search engine Baidu's revenue jumps 36 percent on advertising
BIDU,Baidu Inc,2016-04-12,China says tech firms pledge to counter online terror activities
BIDU,Baidu Inc,2016-03-31,Global funds tiptoe from share slump into China's 'new economy' firms 
BIDU,Baidu Inc,2016-03-31,Chinese AI team plans to challenge Google's AlphaGo: state media
BIDU,Baidu Inc,2016-02-26,U.S. stocks mixed amid unexpected inflation surge  slight drop in oil
BIDU,Baidu Inc,2016-02-26,Wall Street hesitant as a wave of good data raises Fed fears
BIDU,Baidu Inc,2016-02-25,Wall Street trades flat after positive data with a dual meaning
BIDU,Baidu Inc,2016-02-25,Wall Street attempts to push higher as oil prices stabilize
BIDU,Baidu Inc,2016-02-12,U.S. stocks end losing skid amid rallies in financials  energy sectors
BIDU,Baidu Inc,2016-02-12,China's Baidu gets offer for its 80.5 percent stake in Qiyi
BIDU,Baidu Inc,2016-02-07,India's Zomato breaks even at home  in key markets abroad
BIDU,Baidu Inc,2016-05-07,Reliance on China health sector raises searching questions for Baidu
BIDU,Baidu Inc,2016-05-05,China regulator to launch campaign to clean up e-commerce  online ads
BIDU,Baidu Inc,2016-05-04,Amid scandal  China military hospital closes doors to new patients
BIDU,Baidu Inc,2016-05-03,Big pharma dominates ranking of stocks with best five-year returns
BIDU,Baidu Inc,2016-05-03,China to investigate Baidu over student's death  shares dive
BIDU,Baidu Inc,2016-05-03,Tencent venture poaches Google talent as Chinese tech firms pile into autos
BIDU,Baidu Inc,2016-05-02,U.S. stocks kick off May with rally  as NASDAQ halts 7-day losing skid
BIDU,Baidu Inc,2016-04-28,U.S. stock futures sink as traders react to BoJ surprise  GDP ahead
BIDU,Baidu Inc,2016-04-25,Taking on Tesla: China's Jia Yueting aims to outmuscle Musk
BIDU,Baidu Inc,2016-04-20,China's LeEco unveils all-electric concept car with sights set on industry leaders
BIDU,Baidu Inc,2016-07-19,China internet watchdog to probe Baidu over reports it was used to promote gambling
BIDU,Baidu Inc,2016-07-19,Baidu investor criticizes proposed sale of video unit to CEO
BIDU,Baidu Inc,2016-07-08,U.S. stocks surge amid strong jobs report  as S&P nears all-time high
BIDU,Baidu Inc,2016-06-29,China appoints new internet regulator
BIDU,Baidu Inc,2016-06-27,China moves closer to adopting controversial cybersecurity law
BIDU,Baidu Inc,2016-06-25,China tightens controls on paid-for internet search ads
BIDU,Baidu Inc,2016-06-13,Chinese search giant Baidu lowers revenue forecast  shares fall
BIDU,Baidu Inc,2016-06-06,Chinese auto website Bitauto to get $300 million in funding
BIDU,Baidu Inc,2016-05-10,Alibaba's Taobao steps up measures to fight fake luxury goods
BIDU,Baidu Inc,2016-05-09,China curbs Baidu healthcare ads business after student's death
BIDU,Baidu Inc,2016-08-24,Samsung  Tencent surge in race to become Asia's most valuable firm
BIDU,Baidu Inc,2016-08-17,Banks miss out as Chinese firms do DIY deal advice
BIDU,Baidu Inc,2016-08-16,Ford plans self-driving car for ride share fleets in 2021
BIDU,Baidu Inc,2016-08-11,Didi's Cheng Wei: Chinese patriot who tamed Uber
BIDU,Baidu Inc,2016-08-02,Didi's China dominance over Uber offers roadmap for ride-hailing rivals
BIDU,Baidu Inc,2016-08-01,After bruising China battle  Uber cedes to rival Didi
BIDU,Baidu Inc,2016-07-29,Tech shares and muted GDP growth push S&P 500 to record
BIDU,Baidu Inc,2016-07-28,Baidu posts biggest profit decline since going public
BIDU,Baidu Inc,2016-07-25,China internet regulator fines websites over reporting: media
BIDU,Baidu Inc,2016-07-25,Baidu says offer to buy its stake in online video unit withdrawn
BIDU,Baidu Inc,2016-10-28,After third-quarter revenue drop  Baidu warns China ad curbs to hit fourth-quarter harder
BIDU,Baidu Inc,2016-10-27,U.S. stocks mixed amid earnings flood  bonds up bets for rate hike
BIDU,Baidu Inc,2016-10-27,U.S. stock futures flat with earnings and data in focus
BIDU,Baidu Inc,2016-10-27,Top 5 Things to Know in the Market on Thursday
BIDU,Baidu Inc,2016-10-19,China's LeEco unveils a car  but cannot make it drive
BIDU,Baidu Inc,2016-10-12,China's Baidu sets up $3 billion internet investment fund
BIDU,Baidu Inc,2016-09-16,Fans cheer  but Asia gives iPhone 7 subdued welcome
BIDU,Baidu Inc,2016-09-14,Uber debuts self-driving vehicles in landmark Pittsburgh trial
BIDU,Baidu Inc,2016-09-11,VW's Audi steps up collaboration with Chinese tech groups
BIDU,Baidu Inc,2016-09-08,Taiwan's Foxconn invests in Chinese ride-hailing start-up Didi Chuxing
BIDU,Baidu Inc,2017-01-10,China's WeChat seeks slice of Apple's app store with 'mini' function
BIDU,Baidu Inc,2016-12-23,Baidu says reports of IPO for video-streaming site iQiyi.com are inaccurate
BIDU,Baidu Inc,2016-12-22,Baidu plans $1 billion IPO for video-streaming site iQiyi.com: WSJ
BIDU,Baidu Inc,2016-11-23,China says terrorism  fake news impel greater global internet curbs
BIDU,Baidu Inc,2016-11-18,China websites block searches for 'Fatty Kim the Third'
BIDU,Baidu Inc,2016-11-18,BMW and Baidu end self-driving vehicle partnership
BIDU,Baidu Inc,2016-11-17,Baidu publicly testing autonomous vehicles in China
BIDU,Baidu Inc,2016-11-15,Exclusive: IDG in advanced talks to sell itself to Chinese buyout group: sources
BIDU,Baidu Inc,2016-11-09,China regulator warns e-commerce firms on 'Singles Day' sales tactics
BIDU,Baidu Inc,2016-11-07,'Prince' of Baidu  tipped for top role  resigns after probe: sources
BIDU,Baidu Inc,2017-03-12,Smart condo conundrum: Talk to appliances  or text them?
BIDU,Baidu Inc,2017-03-10,California paves way to self-driving car tests without humans
BIDU,Baidu Inc,2017-03-02,Under Xi  wealth of China's uber-rich lawmakers grew faster than economy
BIDU,Baidu Inc,2017-03-02,Automaker Geely calls on China to relax mapping rules to speed self-drive development
BIDU,Baidu Inc,2017-02-24,Baidu shares down more than 5%
BIDU,Baidu Inc,2017-02-24,Baidu posts bleak fourth quarter  but sees business reshuffle driving 2017 growth
BIDU,Baidu Inc,2017-01-26,China girlfriend rental app gets leg up from Lunar New Year demand
BIDU,Baidu Inc,2017-01-23,China cracks down on unauthorized internet connections
BIDU,Baidu Inc,2017-01-16,Baidu names former Microsoft exec as COO in artificial intelligence push
BIDU,Baidu Inc,2017-01-16,China  eager for telecoms reform  calls for private investment
BIDU,Baidu Inc,2017-04-28,Wall Street slightly lower as weak GDP data weighs
BIDU,Baidu Inc,2017-04-27,U.S. stock futures muted with deluge of earnings and data on tap
BIDU,Baidu Inc,2017-04-27,Top 5 Things to Know in the Market on Thursday
BIDU,Baidu Inc,2017-04-26,Notable earnings after Thursday’s close
BIDU,Baidu Inc,2017-04-25,Netflix breaks into China with licensing deal
BIDU,Baidu Inc,2017-04-25,Netflix clinches licensing deal with China's iQiyi.com
BIDU,Baidu Inc,2017-04-20,China's Bitauto unit raises $1 billion from internet giants Tencent  Baidu
BIDU,Baidu Inc,2017-04-20,China's numerous green-car startups to dwindle to two to three in five years: Nio chairman
BIDU,Baidu Inc,2017-04-19,IDG Capital to deploy more resources in firms  eyes tech assets
BIDU,Baidu Inc,2017-04-18,Baidu to launch self-driving car technology in July
BIDU,Baidu Inc,2017-06-14,Premarket analyst actions -- Tech
BIDU,Baidu Inc,2017-06-14,U.S. weighs restricting Chinese investment in artificial intelligence
BIDU,Baidu Inc,2017-06-13,Hyundai Motor bets on new small SUV as China sales skid
BIDU,Baidu Inc,2017-06-07,Hyundai U.S. sales chief quits in management shake-up amid poor sales
BIDU,Baidu Inc,2017-06-02,Baidu teaming with Bosch on self-driving cars
BIDU,Baidu Inc,2017-05-31,Baidu  Continental AG sign self-driving vehicle agreement
BIDU,Baidu Inc,2017-05-23,Google AI beats Chinese master in ancient game of Go
BIDU,Baidu Inc,2017-05-18,With new mini-apps  WeChat seeks even more China clicks
BIDU,Baidu Inc,2017-05-16,Delphi joins self-driving alliance with BMW  Intel
BIDU,Baidu Inc,2017-05-02,Tencent steps up AI push with research lab in Seattle
BIDU,Baidu Inc,2017-07-06,Baidu probed after driverless stunt
BIDU,Baidu Inc,2017-07-06,China's Baidu being probed after CEO tests driverless car on public roads
BIDU,Baidu Inc,2017-07-06,Taiwan to spend $33 million over five years on AI research centers
BIDU,Baidu Inc,2017-07-05,China's Baidu taps 50 partners to help advance self-driving
BIDU,Baidu Inc,2017-07-05,Nvidia  Baidu announce new AI partnership
BIDU,Baidu Inc,2017-07-04,China's bloggers  filmmakers feel chill of internet crackdown
BIDU,Baidu Inc,2017-06-30,Baidu leads China’s self-driving charge in Silicon Valley
BIDU,Baidu Inc,2017-06-22,Exclusive: China Unicom counts Alibaba  Tencent among investors in drive to raise $10 billion - sources
BIDU,Baidu Inc,2017-06-20,HK's new board seen a big draw for startups  not secondary listings
BIDU,Baidu Inc,2017-06-14,Goldman-backed startup Circle launches no-fee foreign payments service
BIDU,Baidu Inc,2014-10-30,China's Baidu says mobile investment a priority as third quarter revenue falls short
BIDU,Baidu Inc,2014-10-09,China's Baidu buys control of Brazil's Peixe Urbano in expansion push
BIDU,Baidu Inc,2014-09-12,Exclusive: MSCI global indices may include Alibaba after investor queries
BIDU,Baidu Inc,2014-08-29,China's Wanda  Tencent  Baidu to set up $814 million e-commerce company
BIDU,Baidu Inc,2014-08-26,Fund managers look to make room for Alibaba
BIDU,Baidu Inc,2014-07-25,Wall St. closes lower on Amazon  Visa; S&P's weekly gain erased
BIDU,Baidu Inc,2014-07-24,Wall Street ends flat on mixed earnings; S&P 500 at record
BIDU,Baidu Inc,2014-03-11,8 Things You Should Know About Alibaba's Yu'E Bao
BIDU,Baidu Inc,2014-02-18,3 Chinese IPOs You Should Know About In 2014
BIDU,Baidu Inc,2009-10-27,US STOCKS-Energy lifts Dow and S&P  but confidence data weighs
BIDU,Baidu Inc,2015-02-27,China censorship sweep deletes more than 60 000 Internet accounts
BIDU,Baidu Inc,2015-02-16,Ford guns for China's app addicts  seeks WeChat tie-up
BIDU,Baidu Inc,2015-02-14,China taxi apps Didi Dache and Kuaidi Dache announce $6 billion tie-up
BIDU,Baidu Inc,2015-02-12,China's Baidu pays price of mobile shift  fourth-quarter revenue disappoints 
BIDU,Baidu Inc,2015-02-11,MSCI says 49 companies are eligible for its global indexes
BIDU,Baidu Inc,2015-02-11,Baidu revenue falls short of estimates as customers go mobile
BIDU,Baidu Inc,2015-02-03,China's internet population hits 649 million  86 percent on phones
BIDU,Baidu Inc,2015-02-02,China blasts NetEase for spreading porn in latest push to cleanse cyberspace
BIDU,Baidu Inc,2015-01-27,China online food delivery co raises $350 million from CITIC PE  Tencent  JD.com  others
BIDU,Baidu Inc,2015-01-27,Tencent  Alibaba lead China's top brands as tech dominates
BIDU,Baidu Inc,2015-05-05,U.S. stocks plunge  as trade deficit reaches highest level since 2008
BIDU,Baidu Inc,2015-04-30,Stock market hammered despite upbeat data
BIDU,Baidu Inc,2015-04-30,U.S. stocks close April on down note  as tech stocks weigh
BIDU,Baidu Inc,2015-04-29,China search giant Baidu posts slowest revenue growth since 2008
BIDU,Baidu Inc,2015-04-28,Tencent takes on Alibaba  Xiaomi with open smart hardware operating system
BIDU,Baidu Inc,2015-04-15,Alibaba injects pharmacy business into HK-listed affiliate in $2.5 billion deal
BIDU,Baidu Inc,2015-04-10,Alibaba forms automotive  'smart living' business units
BIDU,Baidu Inc,2015-03-31,China to punish Tencent  Youku Tudou  other video sites for pornography
BIDU,Baidu Inc,2015-03-30,China's Alibaba signs digital distribution deal with music rights group BMG
BIDU,Baidu Inc,2015-03-30,U.S. coding site undergoes denial-of-service cyber attack
BIDU,Baidu Inc,2015-03-23,Hon Hai  Tencent partner in electric car business
BIDU,Baidu Inc,2015-03-18,Tencent looks to Facebook for inspiration as revenue growth declines
BIDU,Baidu Inc,2015-03-17,KKR  Baidu  Coatue to invest $170 million in China online used-car platform
BIDU,Baidu Inc,2015-03-16,China's TCL Corp to build factories in India  Brazil
BIDU,Baidu Inc,2015-03-12,China's SAIC Motor  Alibaba to invest $160 million in Internet-connected cars
BIDU,Baidu Inc,2015-03-11,U.S. stocks down slightly on Wednesday  as dollar continues to rise
BIDU,Baidu Inc,2015-03-10,Apple Watch not yet setting Chinese pulses racing 
BIDU,Baidu Inc,2015-03-07,Controversial China pollution film disappears from video sites
BIDU,Baidu Inc,2015-03-05,Youku Tudou appoints new COO  creates TV production unit
BIDU,Baidu Inc,2015-03-05,China backs e-commerce expansion in win for Alibaba  JD.com
BIDU,Baidu Inc,2015-06-14,Alibaba to launch Netflix-like video streaming service in two months
BIDU,Baidu Inc,2015-05-22,Contest for Nokia's HERE seen as a three-way race 
BIDU,Baidu Inc,2015-05-22,Nokia CEO says in no hurry to sell mapping unit HERE: magazine
BIDU,Baidu Inc,2015-05-18,Chinese car hire app Yidao Yongche hints at Uber tie-up
BIDU,Baidu Inc,2015-05-12,WeChat is Tencent's ace in China's online entertainment race
BIDU,Baidu Inc,2015-05-12,Xiaomi enters money market fray with Huoqi Bao service
BIDU,Baidu Inc,2015-05-08,U.S. asks China to investigate cyber attack targeting U.S. sites
BIDU,Baidu Inc,2015-05-08,Uber bids $3 billion for Nokia's HERE mapping service: NYT
BIDU,Baidu Inc,2015-05-07,Alibaba revenue tops bearish expectations  new CEO named
BIDU,Baidu Inc,2015-05-06,Daimler says Nevada license to help self-drive trucks gain traction  
BIDU,Baidu Inc,2017-07-26,PayPal raises 2017 forecasts on growth in users  payment volumes
BIDU,Baidu Inc,2017-07-26,Notable earnings after Thursday’s close
BIDU,Baidu Inc,2017-07-21,Exclusive: Baidu  JD.com to join others investing $12 billion in state-owned China Unicom - sources
BIDU,Baidu Inc,2017-07-21,Exclusive: Baidu  JD.com to join others investing $12 billion in China Unicom - sources
BIDU,Baidu Inc,2017-07-20,China unveils plan to become a world leader in AI by 2025
BIDU,Baidu Inc,2017-07-19,Chinese government tells Tencent  Baidu to improve censorship
BIDU,Baidu Inc,2017-07-19,China's cyber watchdog orders top tech platforms to increase self-censorship
BIDU,Baidu Inc,2017-07-19,Microsoft's self-driving cloud services
BIDU,Baidu Inc,2017-07-18,Microsoft and Baidu announce self-driving car partnership
BIDU,Baidu Inc,2017-07-12,Baidu plans to enhance focus on AI efforts
BIDU,Baidu Inc,2017-08-28,AMD and Baidu announce data center collaboration
BIDU,Baidu Inc,2017-08-25,China regulator hints at no more special treatment after Unicom deal
BIDU,Baidu Inc,2017-08-24,China Life and Baidu to launch $1 billion internet fund
BIDU,Baidu Inc,2017-08-24,Baidu sells food delivery unit for less than half its valuation
BIDU,Baidu Inc,2017-08-24,China's JD.com partners Qihoo in push to broaden sales channels
BIDU,Baidu Inc,2017-08-20,China regulator says Unicom reform plan does not violate rules  shares surge
BIDU,Baidu Inc,2017-08-18,China Unicom's $12 billion ownership-reforms plan mired in confusion
BIDU,Baidu Inc,2017-08-17,China Unicom pulls $11.7B mixed-ownership plan amid confusion
BIDU,Baidu Inc,2017-08-16,China Unicom to raise $11.7B in mixed-ownership push
BIDU,Baidu Inc,2017-08-16,State-owned China Unicom to raise $12 billion from Alibaba  Tencent  others
BIDU,Baidu Inc,2017-09-26,Reuters: Baidu eyes 2018 U.S. IPO for streamer iQiyi
BIDU,Baidu Inc,2017-09-26,China's iQiyi considers U.S. listing as early as 2018: source
BIDU,Baidu Inc,2017-09-25,China's cyber watchdog imposes top fines on tech firms over censorship
BIDU,Baidu Inc,2017-09-21,Venture fundraising in yuan soars as investors target Chinese tech firms
BIDU,Baidu Inc,2017-09-21,China's Baidu launches $1.5 billion autonomous driving fund
BIDU,Baidu Inc,2017-09-18,Tencent  Guangzhou Auto agree to collaborate on internet-connected cars
BIDU,Baidu Inc,2017-09-13,Voluntary rules for self-driving cars
BIDU,Baidu Inc,2017-09-12,Self-driving guidelines hit the road
BIDU,Baidu Inc,2017-08-31,Self-driving car vote set for next week
BIDU,Baidu Inc,2017-08-31,Magna pitches new self-driving vehicle system
BIDU,Baidu Inc,2017-10-26,Baidu revenue outlook hit by Congress meeting  shares tumble
BIDU,Baidu Inc,2017-10-26,Top 5 Things to Know in the Market on Thursday
BIDU,Baidu Inc,2017-10-25,Notable earnings after Thursday’s close
BIDU,Baidu Inc,2017-10-23,Hong Kong signals may drop plan for third board for new economy firms
BIDU,Baidu Inc,2017-10-16,Stocks- Wall Street Spurred on by Financial  Tech Stocks
BIDU,Baidu Inc,2017-10-16,Baidu's iQiyi picks BofA  Credit Suisse  Goldman for U.S. IPO: IFR
BIDU,Baidu Inc,2017-09-29,Tea and Tiananmen: Inside China's new censorship machine
BIDU,Baidu Inc,2017-09-28,Leaving nothing to chance  China increases security  social control before Congress
BIDU,Baidu Inc,2017-09-27,China's Weibo looks to reward citizen censors with iPhones  tablets
BIDU,Baidu Inc,2017-09-26,ICE announces launch of FANG-based tech index
BIDU,Baidu Inc,2017-12-22,Baidu sues former self-driving vehicle chief for IP theft
BIDU,Baidu Inc,2017-12-16,Venture capital deals of the week
BIDU,Baidu Inc,2017-12-14,Google Brain co-founder teams with Foxconn to bring AI to factories
BIDU,Baidu Inc,2017-12-13,Baidu will use AMD EPYC in global data centers
BIDU,Baidu Inc,2017-12-10,Venture capital deals of the week
BIDU,Baidu Inc,2017-12-03,China's Xi says country will not close door to global internet
BIDU,Baidu Inc,2017-11-23,The Market Math Behind Mark Cuban's Trump Tweet
BIDU,Baidu Inc,2017-11-23,Exclusive: China's SenseTime plans IPO  U.S. R&D center as early as 2018
BIDU,Baidu Inc,2017-11-17,China Citic  Baidu launch direct bank in fintech push
BIDU,Baidu Inc,2017-11-16,Baidu unveils a smart home speaker
BIDU,Baidu Inc,2018-01-12,China chides tech firms over privacy safeguards
BIDU,Baidu Inc,2018-01-06,Venture capital deals of the week
BIDU,Baidu Inc,2018-01-06,Stocks to watch next week
BIDU,Baidu Inc,2018-01-05,Consumer loan securitization boom put on hold as China clamps down on leverage
BIDU,Baidu Inc,2018-01-04,Singapore's Vickers Venture targets $500 million fund late-2018  eyes biotech  nanotech  AI
BIDU,Baidu Inc,2018-01-03,BlackBerry surges on deal with Baidu for self-driving cars
BIDU,Baidu Inc,2018-01-03,BlackBerry +6% with QNX to anchor Baidu self-driving cars
BIDU,Baidu Inc,2018-01-02,China's WeChat denies storing user chats
BIDU,Baidu Inc,2017-12-29,China's cyber watchdog raps top news apps over vulgar content
BIDU,Baidu Inc,2017-12-23,Venture capital deals of the week
BIDU,Baidu Inc,2018-01-31,Waymo's self-driving tests in California have fewest human interventions
BIDU,Baidu Inc,2018-01-30,Google Brain co-founder raises $175 million fund for AI startups
BIDU,Baidu Inc,2018-01-24,China goes on tech-hiring binge and wages soar  closing gap with Silicon Valley
BIDU,Baidu Inc,2018-01-24,Baidu seeks new investors for finance unit in up to $2 billion deal: sources
BIDU,Baidu Inc,2018-01-24,Baidu looks to bring more content to China
BIDU,Baidu Inc,2018-01-22,U.S. product lets investors triple bet on popular tech stocks
BIDU,Baidu Inc,2018-01-22,China online quiz craze lures prize seekers  tech giants
BIDU,Baidu Inc,2018-01-16,Chinese automaker will use self-driving platform from Nvidia  Baidu
BIDU,Baidu Inc,2018-01-15,BlackBerry launches cybersecurity software for self-driving cars
BIDU,Baidu Inc,2018-01-12,Baidu launches blockchain platform
BIDU,Baidu Inc,2018-02-26,Goldman-backed startup Circle buys major crypto exchange Poloniex
BIDU,Baidu Inc,2018-02-26,Bloomberg: Alibaba buying Baidu's stake in delivery startup
BIDU,Baidu Inc,2018-02-23,HKEX to offer concessions for U.S.  UK-listed firms to list in Hong Kong
BIDU,Baidu Inc,2018-02-14,Premarket Gainers as of 9:05 am (02/14/2018)
BIDU,Baidu Inc,2018-02-14,Stocks-  U.S. Futures Rise Ahead of Inflation Report
BIDU,Baidu Inc,2018-02-14,Baidu earnings beat forecasts  eyes U.S. listing for video unit iQiyi
BIDU,Baidu Inc,2018-02-13,Dow Jones Notched 3-Day Winning Streak For First Time in 4-Weeks Ahead of CPI
BIDU,Baidu Inc,2018-02-12,Notable earnings after Tuesday’s close
BIDU,Baidu Inc,2018-02-07,Chinese regulator raps internet firms over vulgar content
BIDU,Baidu Inc,2018-02-02,China directs Weibo  Baidu to close celebrity gossip accounts
BIDU,Baidu Inc,2018-03-16,Baidu announces smart home partnership  planned senior note offering
BIDU,Baidu Inc,2018-03-16,JD.com's finance unit aims to raise $1.9 billion  valuation set to double: sources
BIDU,Baidu Inc,2018-03-15,China depository receipts to be launched soon: Shanghai Securities News
BIDU,Baidu Inc,2018-03-15,Alibaba plans listing in mainland China: WSJ
BIDU,Baidu Inc,2018-03-14,Chinese investors want relaxed rules for tech IPOs: exchange
BIDU,Baidu Inc,2018-03-07,China's Shiniest Tech Stars May Ignite a Feeding Frenzy at Home
BIDU,Baidu Inc,2018-03-05,China plans new share issue option to bring tech giants home
BIDU,Baidu Inc,2018-02-28,Baidu video unit files for U.S. IPO
BIDU,Baidu Inc,2018-02-27,China's Alibaba seeks to buy food delivery app Ele.me: shareholder
BIDU,Baidu Inc,2018-02-27,California takes humans out of driverless cars
BIDU,Baidu Inc,2018-04-02,China Unveils Plan to Lure Big Tech Stock Listings Back Home
BIDU,Baidu Inc,2018-03-29,China's Netflix-like video platform iQiyi dips on Nasdaq debut
BIDU,Baidu Inc,2018-03-28,China's Geely calls for caution in self-driving tech after fatal collision
BIDU,Baidu Inc,2018-03-26,Apple  IBM chiefs call for more data oversight after Facebook breach
BIDU,Baidu Inc,2018-03-23,Alibaba eyes China 'listing' as early as mid-year: IFR
BIDU,Baidu Inc,2018-03-23,China gives Baidu go-ahead for self-driving tests after U.S. crash
BIDU,Baidu Inc,2018-03-22,Chinese internet stocks drop with Tencent news
BIDU,Baidu Inc,2018-03-22,Jaguar Land Rover vehicles to use BlackBerry software
BIDU,Baidu Inc,2018-03-20,U.S. safety agencies probe first self-driving death
BIDU,Baidu Inc,2018-03-18,Baidu video streaming unit iQiyi launches $2.4 billion U.S. IPO
BIDU,Baidu Inc,2018-04-26,China's Premier Li says open to trade negotiations with United States
BIDU,Baidu Inc,2018-04-26,Top 5 Things to Know in the Market on Thursday
BIDU,Baidu Inc,2018-04-25,Notable earnings after Thursday’s close
BIDU,Baidu Inc,2018-04-24,Chinese tech giants  government under fire for 'men only' job ads
BIDU,Baidu Inc,2018-04-23,Top 5 Things to Know in the Market on Monday
BIDU,Baidu Inc,2018-04-22,Economic Calendar - Top 5 Things to Watch This Week
BIDU,Baidu Inc,2018-04-17,Meet the electric/autonomous vehicle ETF
BIDU,Baidu Inc,2018-04-17,Investors cut exposure to tech stocks: BAML survey
BIDU,Baidu Inc,2018-04-12,China lays out self-driving rules in global race: China Daily
BIDU,Baidu Inc,2018-04-02,Alibaba to buy remaining shares in food delivery app Ele.me
BIDU,Baidu Inc,2018-05-30,Google launches second app in China  woos top smartphone market
BIDU,Baidu Inc,2018-05-29,In China's booming tech scene  women battle sexism and conservative values
BIDU,Baidu Inc,2018-05-21,Stocks- Wall Street Jumps as Sino-U.S. Trade War Paused
BIDU,Baidu Inc,2018-05-18,Premarket Losers as of 9:05 am (5/18/2018)
BIDU,Baidu Inc,2018-05-18,Stocks- U.S. Futures Rise Amid Trade Talks with China
BIDU,Baidu Inc,2018-05-14,Tencent gets self-driving car test license from China's Shenzhen city - report
BIDU,Baidu Inc,2018-05-07,Carlyle set to close new Asia fund at $6.5 billion: sources
BIDU,Baidu Inc,2018-04-29,China's Baidu to sell majority of financial services unit for $1.9 billion
BIDU,Baidu Inc,2018-04-27,Exclusive: U.S. considers tightening grip on China ties to corporate America
BIDU,Baidu Inc,2018-04-27,China's Baidu beats forecasts as it sidesteps censors  boosts ad sales
BIDU,Baidu Inc,2018-06-29,China's Aurora Mobile files for IPO of American sahres
BIDU,Baidu Inc,2018-06-27,Ford  Baidu join forces to develop smarter cars in China
BIDU,Baidu Inc,2018-06-27,China's Baidu to buy back up to $1 billion shares
BIDU,Baidu Inc,2018-06-25,Alibaba  U.S.-Listed Chinese Companies Drop Most Since March
BIDU,Baidu Inc,2018-06-23,Fox spirits and demons: China's tech giants splash out in cartoon arms race
BIDU,Baidu Inc,2018-06-19,Exclusive: China's Xiaomi cuts valuation after pulling mainland offering: sources
BIDU,Baidu Inc,2018-06-12,Qualcomm will not exit data center business  chip chief says
BIDU,Baidu Inc,2018-06-12,Funds overweight U.S. stocks for first time in 15 months: BAML poll
BIDU,Baidu Inc,2018-06-11,Trap or treat? Funds to raise billions for tech IPOs in China
BIDU,Baidu Inc,2018-06-01,Tencent sues Toutiao for alleged defamation  demands 1 yuan and apology
BIDU,Baidu Inc,2018-07-29,Economic Calendar - Top 5 Things To Watch This Week
BIDU,Baidu Inc,2018-07-17,Funds cut global equity holdings  cite trade war risk: BAML poll
BIDU,Baidu Inc,2018-07-11,JD.com's finance affiliate raises $2 billion  more than doubles valuation
BIDU,Baidu Inc,2018-07-11,Ex-Apple worker charged with stealing self-driving car trade secrets
BIDU,Baidu Inc,2018-07-10,Analog Devices to partner with Baidu on autonomous driving project
BIDU,Baidu Inc,2018-07-09,Xiaomi's Ill-Timed Debut Sows Doubt About Internet Ambitions
BIDU,Baidu Inc,2018-07-09,Xiaomi's Ill-Timed Debut Sows Doubt About its Internet Ambitions
BIDU,Baidu Inc,2018-07-08,Xiaomi Makes Its Trading Debut on the Defensive
BIDU,Baidu Inc,2018-07-06,Curbs on Chinese investment could hit Detroit and Silicon Valley
BIDU,Baidu Inc,2018-07-06,Daimler gets green light for self-driving vehicle tests in Beijing
BIDU,Baidu Inc,2018-08-07,Baidu ready to beat Google if U.S. firm returns to China: CEO
BIDU,Baidu Inc,2018-08-02,Apple  $1 Trillion and Stock Market Bubbles
BIDU,Baidu Inc,2018-08-01,Premarket Losers as of 9:05 am (8/1/2018)
BIDU,Baidu Inc,2018-08-01,The Intercept: Google plans censored search in China; Baidu -7.6%
BIDU,Baidu Inc,2018-08-01,Asian Equities Mixed; China Stocks Turn Negative Amid U.S. Tariff Reports 
BIDU,Baidu Inc,2018-08-01,China Baidu's second quarter exceeds expectations  powered by ad sales growth
BIDU,Baidu Inc,2018-07-31,Asian Equities Rise Amid Optimism Over Potential for Renewed Trade Talks
BIDU,Baidu Inc,2018-07-31,Stocks- U.S. Futures Inch Up Ahead of Corporate Earnings
BIDU,Baidu Inc,2018-07-31,Top 5 Things To Know In The Market On Tuesday
BIDU,Baidu Inc,2018-07-30,Top 5 Things To Know In The Market On Monday
BIDU,Baidu Inc,2018-08-30,Baidu sues Chinese blogger over online joke about CEO Robin Li
BIDU,Baidu Inc,2018-08-29,Bitcoin Gains as Morgan Creek Launches Cryptocurrency Fund 
BIDU,Baidu Inc,2018-08-23,Alibaba's Sales Surge as Jack Ma's Free Spending Bears Fruit
BIDU,Baidu Inc,2018-08-23,Data dump: China sees surge in personal information up for sale
BIDU,Baidu Inc,2018-08-20,Apple removes illegal lottery apps from China store
BIDU,Baidu Inc,2018-08-18,Chinese internet stock sell-off may shake faith in FANGs
BIDU,Baidu Inc,2018-08-15,Nasty Earnings Surprises Dog China’s Tech Darlings
BIDU,Baidu Inc,2018-08-14,NIO seeks to raise $1.8 billion in biggest U.S. listing by China automaker
BIDU,Baidu Inc,2018-08-13,Two Chinese EV sharing platforms in $730 million push to fuel growth: sources
BIDU,Baidu Inc,2018-08-09,Baidu's DuerOS reaches 100M installs
BIDU,Baidu Inc,2018-10-10,Tech lunch break: Large-caps slump with Nasdaq 100
BIDU,Baidu Inc,2018-10-09,WeChat rival 'Bullet' removed from App Store over copyright complaint
BIDU,Baidu Inc,2018-09-18,China's Hillhouse Capital raises $10.6 billion in latest round
BIDU,Baidu Inc,2018-09-18,U.S. tech giants eye AI key to unlock China push
BIDU,Baidu Inc,2018-09-17,JD.com CEO  under investigation for rape allegation  skips China forum
BIDU,Baidu Inc,2018-09-12,Chinese electric carmaker NIO slumps in U.S. debut
BIDU,Baidu Inc,2018-09-12,In Tesla's shadow  China's NIO raises $1 billion from IPO: sources
BIDU,Baidu Inc,2018-09-10,Eros elbows way into China through content licensing deal with iQiyi
BIDU,Baidu Inc,2018-09-10,Spotlight on Alibaba CEO Zhang as Jack Ma starts retirement countdown
BIDU,Baidu Inc,2018-09-04,China's Meituan Dianping doubles revenue but losses widen ahead of IPO
BIDU,Baidu Inc,2018-11-01,Mao Zedong's Red Flag car gets driverless makeover
BIDU,Baidu Inc,2018-10-31,Baidu's fourth-quarter sales goal misses estimates as regulation  trade fears bite
BIDU,Baidu Inc,2018-10-31,Ford  Baidu to start self-driving road tests in China
BIDU,Baidu Inc,2018-10-30,Asian Markets Rise; China October Official Factory PMI Misses Expectations
BIDU,Baidu Inc,2018-10-29,Notable earnings after Tuesday’s close
BIDU,Baidu Inc,2018-10-28,Economic Calendar - Top 5 Things to Watch This Week
BIDU,Baidu Inc,2018-10-26,Intel bucks chip industry woes; powered by PCs  iPhones
BIDU,Baidu Inc,2018-10-25,Chinese EV startup WM Motor raising at least $288 million from Baidu  others: sources
BIDU,Baidu Inc,2018-10-23,Web performance software company Cloudflare readies IPO -sources
BIDU,Baidu Inc,2018-10-17,Search engine Baidu becomes first China firm to join U.S. AI ethics group
BIDU,Baidu Inc,2018-11-28,Asian firms set for first quarterly profit drop since mid-2016
BIDU,Baidu Inc,2018-11-27,Amazon pushes hard in online ads
BIDU,Baidu Inc,2018-11-26,Alibaba's Jack Ma is a Communist Party member  China state paper reveals
BIDU,Baidu Inc,2018-11-14,Tencent profit beats on investment gain  no progress on China gaming
BIDU,Baidu Inc,2018-11-12,Trade war and censors blow chill wind through China's giant tech scene
BIDU,Baidu Inc,2018-11-08,Alibaba's on-demand online services unit valued at $30 billion: sources
BIDU,Baidu Inc,2018-11-06,China's Xi calls for global cooperation to create 'fairer' internet
BIDU,Baidu Inc,2018-11-06,China's Tencent builds self-driving car team in Silicon Valley
BIDU,Baidu Inc,2018-11-02,Alibaba cuts sales forecast on economic uncertainty  trade fears
BIDU,Baidu Inc,2018-11-02,At Telematics crossroads  TomTom CEO plots next move
BIDU,Baidu Inc,2019-01-23,China Resists U.S.  EU Talks on Global Digital Trade Deal  Sources Say
BIDU,Baidu Inc,2019-01-23,China's Baidu pledges to improve search service after complaint
BIDU,Baidu Inc,2019-01-16,On the autofarm: China turns to driverless tractors  combines to overhaul agriculture
BIDU,Baidu Inc,2019-01-11,Corporate investors pile into electric vehicle startups
BIDU,Baidu Inc,2019-01-07,China authorities arrest 18 at TCM firm after cancer case sparks outcry
BIDU,Baidu Inc,2019-01-03,Paying the price: China shoppers  stung by slowdown  take bite out of Apple
BIDU,Baidu Inc,2019-01-02,Chinese tech slips on factory woes
BIDU,Baidu Inc,2018-12-12,Amid China Internet confusion  Mizuho likes Alibaba and Baidu
BIDU,Baidu Inc,2018-12-09,Huawei's CEO Built an Empire. Trump Could Tear it Down
BIDU,Baidu Inc,2018-12-04,Chief at Alibaba video site Youku steps down amid corruption probe
BIDU,Baidu Inc,2019-03-23,Baidu: A Rare Value And Growth Stock 
BIDU,Baidu Inc,2019-03-07,Baidu is Still Investing Heavily for Future Growth
BIDU,Baidu Inc,2019-02-27,Chinese AI chip maker Horizon Robotics raises $600 million from SK Hynix  others
BIDU,Baidu Inc,2019-02-21,Chinese search giant Baidu beats on ad sales but streaming costs surge
BIDU,Baidu Inc,2019-02-21,Stocks - U.S. Futures Rise on Reports of Progress on China Trade Deal
BIDU,Baidu Inc,2019-02-21,Top 5 Things to Know in The Market on Thursday
BIDU,Baidu Inc,2019-02-17,Economic Calendar - Top 5 Things to Watch This Week
BIDU,Baidu Inc,2019-02-13,Japan sets sights on tighter anti-trust regulations for Big Tech
BIDU,Baidu Inc,2019-01-31,China's Bytedance staff say bonuses clipped by slowdown  competition
BIDU,Baidu Inc,2019-01-28,Bing outage in China was technical error  not censors' block: source
BIDU,Baidu Inc,2017-11-15,China's Yixin Group rises 32 percent in Hong Kong debut
BIDU,Baidu Inc,2017-11-14,Firefox opts for Google as default search in U.S.  surprising Yahoo
BIDU,Baidu Inc,2017-11-14,Top portfolio adds and drops from Eminence Capital
BIDU,Baidu Inc,2017-11-09,Tencent-backed search firm Sogou jumps 10 percent in U.S. market debut
BIDU,Baidu Inc,2017-11-08,China's Tencent takes 12 percent stake in Snap as shares plunge
BIDU,Baidu Inc,2017-11-04,Stocks to watch next week
BIDU,Baidu Inc,2017-10-31,Exclusive: China's CDH  SenseTime raising about $450 million AI fund - sources
BIDU,Baidu Inc,2017-10-28,China's Baidu teams up with Shouqi on driverless cars: Xinhua
BIDU,Baidu Inc,2017-10-27,Premarket Losers as of 9:05 am
BIDU,Baidu Inc,2017-10-27,Stocks- Wall Street Set for Another Record Day
BIDU,Baidu Inc,2017-08-11,Chinese startup Toutiao raising funds at over $20 billion valuation: sources
BIDU,Baidu Inc,2017-08-01,Baidu competitor says to focus on AI as it plans U.S. IPO
BIDU,Baidu Inc,2017-07-28,Baidu +11.7% after earnings  big Cantor upgrade
BIDU,Baidu Inc,2017-07-28,Premarket Gainers as of 9:05 am
BIDU,Baidu Inc,2017-07-28,Xiaomi gains new $1 billion loan to drive retail push  expansion overseas
BIDU,Baidu Inc,2017-07-28,China's Baidu profit jumps as focus on mobile  AI narrows
BIDU,Baidu Inc,2017-07-27,U.S. futures point to record gains on busiest day of earnings season
BIDU,Baidu Inc,2017-07-27,Top 5 things to know in the market on Thursday
BIDU,Baidu Inc,2017-07-27,Payment wars - Baidu partners with Paypal
BIDU,Baidu Inc,2017-07-26,China's Baidu enters strategic partnership with Paypal to tap Chinese tourists
BIDU,Baidu Inc,2015-01-26,Chinese actress buys into Alibaba Pictures as it warns of losses
BIDU,Baidu Inc,2015-01-21,In Netflix China push  domestic tech giants  online habits block path to success
BIDU,Baidu Inc,2015-01-20,Alibaba  Tencent spend billions in race to be China's one-stop online shop
BIDU,Baidu Inc,2015-01-12,China e-commerce competition intensifies as JD.com  Alibaba go niche
BIDU,Baidu Inc,2014-12-22,Uber business model faces legal scrutiny in Taiwan  Chinese mega city
BIDU,Baidu Inc,2014-12-17,Uber faces tough rivals  regulatory glare in China
BIDU,Baidu Inc,2014-12-12,China's Baidu to invest in taxi-hailing app Uber
BIDU,Baidu Inc,2014-11-25,At China online coming-out party  Beijing spells out Internet control ambition
BIDU,Baidu Inc,2014-11-21,Alibaba prints jumbo deal without China premium
BIDU,Baidu Inc,2014-11-20,China says controls on Internet needed to maintain stability
BIDU,Baidu Inc,2017-04-18,China EV start-up Nio to sell mass-production car next year
BIDU,Baidu Inc,2017-04-13,China's Baidu buys U.S. computer vision startup amid AI push
BIDU,Baidu Inc,2017-04-13,Self-driving 'arms race' complicates supplier alliances
BIDU,Baidu Inc,2017-04-12,China live streaming: Would-be internet stars boost billion-dollar market
BIDU,Baidu Inc,2017-03-28,Tesla deal boosts Chinese presence in U.S. auto tech
BIDU,Baidu Inc,2017-03-22,Baidu's chief scientist  who led firm's AI push  to resign
BIDU,Baidu Inc,2017-03-17,Baidu leads investment into green car start-up NextEV
BIDU,Baidu Inc,2017-03-16,Car industry players diverge on timescale for self-driving cars
BIDU,Baidu Inc,2017-03-16,Baidu fires head of group-buying unit over kickbacks
BIDU,Baidu Inc,2017-03-13,Intel's $15 billion purchase of Mobileye shakes up driverless car sector
